-- Demo users for orders
INSERT INTO users (id, name, email, phone_number, created_at, updated_at, deleted_at, role, status)
VALUES
('11111111-1111-1111-1111-111111111111', 'John Doe', 'john.doe@example.com', '+1234567890', CURRENT_TIMESTAMP, CURRENT_TIMESTAMP, NULL, 'CUSTOMER', 'ACTIVE'),
('22222222-2222-2222-2222-222222222222', 'Jane Smith', 'jane.smith@example.com', '+1234567891', CURRENT_TIMESTAMP, CURRENT_TIMESTAMP, NULL, 'CUSTOMER', 'ACTIVE'),
('33333333-3333-3333-3333-333333333333', 'Alice Johnson', 'alice.johnson@example.com', '+1234567892', CURRENT_TIMESTAMP, CURRENT_TIMESTAMP, NULL, 'CUSTOMER', 'ACTIVE'),
('44444444-4444-4444-4444-444444444444', 'Bob Brown', 'bob.brown@example.com', '+1234567893', CURRENT_TIMESTAMP, CURRENT_TIMESTAMP, NULL, 'CUSTOMER', 'ACTIVE'),
('55555555-5555-5555-5555-555555555555', 'Carol White', 'carol.white@example.com', '+1234567894', CURRENT_TIMESTAMP, CURRENT_TIMESTAMP, NULL, 'CUSTOMER', 'ACTIVE');


-- Insert demo data into addresses table (updated schema)
INSERT INTO addresses (id, country, city, state, neighborhood, zip_code, street, building_type, inner_number, outer_number, additional_info, user_id, is_default, created_at, updated_at)
VALUES
('a1111111-1111-1111-1111-111111111111', 'USA', 'Springfield', 'Illinois', 'Downtown', '62701', '123 Main St', 'House', NULL, '123', 'Near the park', '11111111-1111-1111-1111-111111111111', TRUE, CURRENT_TIMESTAMP, CURRENT_TIMESTAMP),
('a2222222-2222-2222-2222-222222222222', 'USA', 'Metropolis', 'New York', 'Midtown', '10001', '456 Oak Ave', 'Apartment', '2B', '456', 'Apt 2B', '22222222-2222-2222-2222-222222222222', TRUE, CURRENT_TIMESTAMP, CURRENT_TIMESTAMP),
('a3333333-3333-3333-3333-333333333333', 'USA', 'Gotham', 'New Jersey', 'Financial District', '07001', '789 Pine Rd', 'Office', '300', '789', 'Suite 300', '33333333-3333-3333-3333-333333333333', TRUE, CURRENT_TIMESTAMP, CURRENT_TIMESTAMP),
('a4444444-4444-4444-4444-444444444444', 'USA', 'Star City', 'California', 'Industrial Zone', '90001', '101 Maple Dr', 'Office', NULL, '101', 'Office', '44444444-4444-4444-4444-444444444444', TRUE, CURRENT_TIMESTAMP, CURRENT_TIMESTAMP),
('a5555555-5555-5555-5555-555555555555', 'USA', 'Central City', 'Kansas', 'Logistics Park', '66002', '202 Birch Blvd', 'Warehouse', NULL, '202', 'Warehouse', '55555555-5555-5555-5555-555555555555', TRUE, CURRENT_TIMESTAMP, CURRENT_TIMESTAMP),
('a6666666-6666-6666-6666-666666666666', 'USA', 'Smallville', 'Kansas', 'Rural Area', '66003', '77 Elm St', 'House', NULL, '77', 'Farmhouse', '11111111-1111-1111-1111-111111111111', FALSE, CURRENT_TIMESTAMP, CURRENT_TIMESTAMP),
('a7777777-7777-7777-7777-777777777777', 'USA', 'Coast City', 'California', 'Harbor', '90002', '88 Cedar Ave', 'Apartment', 'PH', '88', 'Penthouse', '22222222-2222-2222-2222-222222222222', FALSE, CURRENT_TIMESTAMP, CURRENT_TIMESTAMP);

-- Insert demo data into orders SIN delivery_info_id ni pick_up_info_id
INSERT INTO orders (id, user_id, address_id, currency, delivery_method, status, service_fee, tax_fee, payment_id, delivery_info_id, pick_up_info_id, notes, created_at, updated_at)
VALUES
('o1111111-1111-1111-1111-111111111111', '11111111-1111-1111-1111-111111111111', 'a1111111-1111-1111-1111-111111111111', 'MXN', 'STANDARD_DELIVERY', 'DELIVERED', 5.99, 2.50, 'pay-11111111-1111-1111-1111-11111111', NULL, NULL, 'Leave at front door', CURRENT_TIMESTAMP - INTERVAL '5 days', CURRENT_TIMESTAMP - INTERVAL '3 days'),
('o2222222-2222-2222-2222-222222222222', '22222222-2222-2222-2222-222222222222', NULL, 'MXN', 'STORE_PICKUP', 'READY_FOR_PICKUP', 0.00, 1.80, 'pay-22222222-2222-2222-2222-22222222', NULL, NULL, 'Call on arrival', CURRENT_TIMESTAMP - INTERVAL '2 days', CURRENT_TIMESTAMP),
('o3333333-3333-3333-3333-333333333333', '33333333-3333-3333-3333-333333333333', 'a3333333-3333-3333-3333-333333333333', 'MXN', 'EXPRESS_DELIVERY', 'OUT_FOR_DELIVERY', 15.99, 4.20, 'pay-33333333-3333-3333-3333-33333333', NULL, NULL, 'Fragile items', CURRENT_TIMESTAMP - INTERVAL '1 day', CURRENT_TIMESTAMP),
('o4444444-4444-4444-4444-444444444444', '44444444-4444-4444-4444-444444444444', 'a4444444-4444-4444-4444-444444444444', 'MXN', 'STANDARD_DELIVERY', 'DELIVERED', 3.99, 1.25, 'pay-44444444-4444-4444-4444-44444444', NULL, NULL, 'Deliver to office', CURRENT_TIMESTAMP - INTERVAL '7 days', CURRENT_TIMESTAMP - INTERVAL '3 days'),
('o5555555-5555-5555-5555-555555555555', '55555555-5555-5555-5555-555555555555', NULL, 'MXN', 'STORE_PICKUP', 'PICKED_UP', 0.00, 3.15, 'pay-55555555-5555-5555-5555-55555555', NULL, NULL, 'Order picked up successfully', CURRENT_TIMESTAMP - INTERVAL '3 days', CURRENT_TIMESTAMP - INTERVAL '1 day');

-- Insert delivery information for delivery orders (con order_id correcto desde el inicio)
INSERT INTO delivery_info (id, tracking_number, delivery_attempt, estimated_delivery_date, actual_delivery_date, delivery_fee, order_id, address_id, created_at, updated_at)
VALUES
('d1111111-1111-1111-1111-111111111111', 'TRK-001-2024-DRUG', 1, CURRENT_TIMESTAMP - INTERVAL '4 days', CURRENT_TIMESTAMP - INTERVAL '3 days', 5.99, 'o1111111-1111-1111-1111-111111111111', 'a1111111-1111-1111-1111-111111111111', CURRENT_TIMESTAMP - INTERVAL '5 days', CURRENT_TIMESTAMP - INTERVAL '3 days'),
('d2222222-2222-2222-2222-222222222222', 'TRK-002-2024-DRUG', 0, CURRENT_TIMESTAMP + INTERVAL '1 day', NULL, 15.99, 'o3333333-3333-3333-3333-333333333333', 'a3333333-3333-3333-3333-333333333333', CURRENT_TIMESTAMP - INTERVAL '1 day', CURRENT_TIMESTAMP),
('d3333333-3333-3333-3333-333333333333', 'TRK-003-2024-DRUG', 2, CURRENT_TIMESTAMP - INTERVAL '4 days', CURRENT_TIMESTAMP - INTERVAL '3 days', 3.99, 'o4444444-4444-4444-4444-444444444444', 'a4444444-4444-4444-4444-444444444444', CURRENT_TIMESTAMP - INTERVAL '7 days', CURRENT_TIMESTAMP - INTERVAL '3 days');

-- Insert pickup information para store pickup orders (con order_id correcto desde el inicio)
INSERT INTO pickup_info (id, pickup_code, pickup_date, store_id, store_name, store_address, order_id, picked_up_at, available_until, created_at, updated_at)
VALUES
('p1111111-1111-1111-1111-111111111111', 'PICKUP-2024-001', CURRENT_TIMESTAMP - INTERVAL '1 day', 's1111111-1111-1111-1111-111111111111', 'Drugstore Central - Metropolis', '100 Main Street, Metropolis, NY 10001', 'o2222222-2222-2222-2222-222222222222', NULL, CURRENT_TIMESTAMP + INTERVAL '3 days', CURRENT_TIMESTAMP - INTERVAL '2 days', CURRENT_TIMESTAMP),
('p2222222-2222-2222-2222-222222222222', 'PICKUP-2024-002', CURRENT_TIMESTAMP - INTERVAL '2 days', 's2222222-2222-2222-2222-222222222222', 'Drugstore Plaza - Central City', '500 Commerce Blvd, Central City, KS 66002', 'o5555555-5555-5555-5555-555555555555', CURRENT_TIMESTAMP - INTERVAL '1 day', CURRENT_TIMESTAMP + INTERVAL '2 days', CURRENT_TIMESTAMP - INTERVAL '3 days', CURRENT_TIMESTAMP - INTERVAL '1 day');

-- Actualizar orders para asignar delivery_info_id y pick_up_info_id
UPDATE orders SET delivery_info_id = 'd1111111-1111-1111-1111-111111111111' WHERE id = 'o1111111-1111-1111-1111-111111111111';
UPDATE orders SET delivery_info_id = 'd2222222-2222-2222-2222-222222222222' WHERE id = 'o3333333-3333-3333-3333-333333333333';
UPDATE orders SET delivery_info_id = 'd3333333-3333-3333-3333-333333333333' WHERE id = 'o4444444-4444-4444-4444-444444444444';
UPDATE orders SET pick_up_info_id = 'p1111111-1111-1111-1111-111111111111' WHERE id = 'o2222222-2222-2222-2222-222222222222';
UPDATE orders SET pick_up_info_id = 'p2222222-2222-2222-2222-222222222222' WHERE id = 'o5555555-5555-5555-5555-555555555555';

-- Insert demo data into order_items table referencing orders
INSERT INTO order_items (order_id, product_id, product_name, subtotal, quantity, currency, is_prescription_required)
VALUES
-- Order 1
('o1111111-1111-1111-1111-111111111111', 'pr111111-1111-1111-1111-111111111111', 'Paracetamol 500mg', 100.00, 2, 'MXN', FALSE),
('o1111111-1111-1111-1111-111111111111', 'pr222222-2222-2222-2222-222222222222', 'Alcohol Gel 250ml', 170.00, 1, 'MXN', FALSE),
('o1111111-1111-1111-1111-111111111111', 'pr333333-3333-3333-3333-333333333333', 'Vitamin C 1000mg', 340.00, 1, 'MXN', FALSE),
-- Order 2
('o2222222-2222-2222-2222-222222222222', 'pr444444-4444-4444-4444-444444444444', 'Ibuprofen 400mg', 145.00, 1, 'MXN', FALSE),
('o2222222-2222-2222-2222-222222222222', 'pr555555-5555-5555-5555-555555555555', 'KN95 Mask', 155.00, 2, 'MXN', FALSE),
-- Order 3
('o3333333-3333-3333-3333-333333333333', 'pr666666-6666-6666-6666-666666666666', 'Children Cough Syrup', 258.00, 1, 'MXN', TRUE),
('o3333333-3333-3333-3333-333333333333', 'pr777777-7777-7777-7777-777777777777', 'Digital Thermometer', 360.00, 1, 'MXN', FALSE),
('o3333333-3333-3333-3333-333333333333', 'pr888888-8888-8888-8888-888888888888', 'Sterile Gauze', 180.00, 2, 'MXN', FALSE),
-- Order 4
('o4444444-4444-4444-4444-444444444444', 'pr999999-9999-9999-9999-999999999999', 'Antiseptic Cream', 124.00, 1, 'MXN', FALSE),
('o4444444-4444-4444-4444-444444444444', 'prAAAAAA-AAAA-AAAA-AAAA-AAAAAAAAAAAA', 'Adhesive Bandages', 90.00, 2, 'MXN', FALSE),
-- Order 5
('o5555555-5555-5555-5555-555555555555', 'prBBBBBB-BBBB-BBBB-BBBB-BBBBBBBBBBBB', 'Throat Lozenges', 176.00, 1, 'MXN', FALSE),
('o5555555-5555-5555-5555-555555555555', 'prCCCCCC-CCCC-CCCC-CCCC-CCCCCCCCCCCC', 'Saline Solution', 190.00, 2, 'MXN', FALSE),
('o5555555-5555-5555-5555-555555555555', 'prDDDDDD-DDDD-DDDD-DDDD-DDDDDDDDDDDD', 'Latex Gloves', 190.00, 1, 'MXN', FALSE);
